username;date;retweets;favorites;text;geo;mentions;hashtags;id;permalink
;2020-02-15 01:55;0;0;"News • Re: China Coronavirus (Covid-19): Spitfire wrote: ↑Fri Feb 14, 2020 8:11 pmThe problem with a country like China is that there is nothing but opaque action everywhere. Anyone who thinks we are all being told the truth about this cronovirus is… http://dlvr.it/RQ3xYs";;;;"1228467844196601856";https://twitter.com/2huahin/status/1228467844196601856
;2020-02-15 01:43;0;0;"Mr. Azar, the virus’s official name is SARS-CoV-2, or you can call it novel coronavirus. Calling it “China cronovirus” in your interviews with NPR and CNBC is incorrect, misleading, and disrepectful, especially as a high-level US official. Thank you.";;;;"1228464930141155328";https://twitter.com/shinlazhong/status/1228464930141155328
;2020-02-14 23:05;0;0;"Japan was turned into like Wuhan because Japanese government did not regulate Chinese traveler. Many people were infected but WHO never help us. # cronovirus # 武汉肺炎 # flu # CoronaOutbreak # china";;;# # # # #;"1228425047976472576";https://twitter.com/maple29904621/status/1228425047976472576
;2020-02-14 22:44;0;2;"Fuckkkkkk uuuuu era cronovirus nie avundsjuka baraför Jage säääxig fkn jealous ass niggas";;;;"1228419667372498949";https://twitter.com/lidlslyna/status/1228419667372498949
;2020-02-14 21:35;0;0;"@ CBSNews is anyone tracking the number of people who have recovered from the Cronovirus? And how do you make sure they no longer have it?";;@;;"1228402422080557057";https://twitter.com/cherisilverfox/status/1228402422080557057
;2020-02-14 20:59;0;0;"RED CROSS CRONOVIRUS … money maker An American in a Locked-Down Chinese Town: 'Everyone Here Is So Bored' https://news.yahoo.com/american-locked-down-chinese-town-130117752.html?soc_src=hl-viewer&soc_trk=tw … via @ Yahoo";;@;;"1228393455736557575";https://twitter.com/LavenderLives/status/1228393455736557575
;2020-02-14 20:38;0;1;"I’m so dead Me: why are these packages wet? Mum: I sprayed them just in case they came from China (Cronovirus shit)";;;;"1228387947558375424";https://twitter.com/Pitobsessive/status/1228387947558375424
;2020-02-14 20:37;0;0;"im sick and tired of all this end of the world news trash first doomsday clock cronovirus now this junk";;;;"1228387799327526912";https://twitter.com/p5sonicfan02/status/1228387799327526912
;2020-02-14 17:29;0;1;"Vocês que estão indo amanhã pra pegar todo mundo, tomem cuidado ( cronovirus está solto kkkkkkkk)";;;;"1228340453596069891";https://twitter.com/_rrcorreia/status/1228340453596069891
;2020-02-14 15:43;0;0;"@ ShelaghFogarty about the cronovirus plane what about all the passengers breathing the same recycled air, that will spread germs?";;@;;"1228313879656181760";https://twitter.com/Nerfatari/status/1228313879656181760
;2020-02-14 15:40;0;0;"Shame on you... You are really PAPPU... what do you mean by benifit??? You are requested to keep you mouth shut and move to China. Pappu you are CRONO VIRUS for India";;;;"1228313000676708352";https://twitter.com/SANJAY_1857/status/1228313000676708352
;2020-02-14 14:56;0;0;"Tarek fateh'tu khud sub sa bra crono virus ha.";;;;"1228302056135577600";https://twitter.com/ShabeirC/status/1228302056135577600
;2020-02-14 14:51;0;0;"Cronovirus motherfucker in the middle killing everyone pic.twitter.com/nJ61dit5PU";;;;"1228300797085130752";https://twitter.com/Dog_Toffee/status/1228300797085130752
;2020-02-14 12:48;1;0;"# UK, # China, # COVD19, # cronovirus: Good just how irresponsible can you get, by not wearing a mask you put yourself in danger & all those around you. I hope she was arrested & put in prison. https://twitter.com/RT_com/status/1228267640361144320 …";;;# # # #;"1228269654516391936";https://twitter.com/MayaWintersSMS/status/1228269654516391936
;2020-02-14 12:13;0;1;"این خارجی ها خیلی سوسولن! # كرونا تا حالا حدود ۱۴۰۰ نفر رو تو یه ماه کشته که اینقدر شلوغش کردن! که هنوز به ۱۵۰۰ نفر # آبان_ماه هم نرسیده! # cronavirus # cronovirus";;;# # # #;"1228260847656538117";https://twitter.com/Amirnas537/status/1228260847656538117
;2020-02-14 11:44;0;0;"# Pakistan # Cronovirus @ zfrmrza @ ImranKhanPTI Chinese unable control spread by welcoming & allowing passengers in Pakistan through direct flights youre not doing your country good job, You very well know we dont have enough facility deal disaster Pakistanhttps://www.cnn.com/2020/02/13/asia/coronavirus-health-care-workers-infected-intl-hnk/index.html …";;@ @;# #;"1228253792115838977";https://twitter.com/BorhanFootwear/status/1228253792115838977
;2020-02-14 11:34;3;5;"“¿Habrá más Mobiles?, por Manel Pérez “ Coincideixó amb la pregunta de fons de l’autor : Cronovirus o batalla del 5G? https://www.lavanguardia.com/local/barcelona/20200214/473543638020/habra-mas-mobiles.html …";;;;"1228251037108199424";https://twitter.com/cesc_castellana/status/1228251037108199424
;2020-02-14 10:18;0;6;"# Pakistanistudents, scholars in # China continue to weigh in on virus fight # APPNews # cronovirus @ CathayPak https://www.app.com.pk/pakistani-students-scholars-in-china-continue-to-weigh-in-on-virus-fight/ …pic.twitter.com/t7eVkzRH64";;@;# # # #;"1228232007877967873";https://twitter.com/appcsocialmedia/status/1228232007877967873
;2020-02-14 10:02;1;1;"Educate yourself it may save your life # cronovirus https://youtu.be/3yZliBftSaM";;;#;"1228228021435260929";https://twitter.com/NewJerseyMikey/status/1228228021435260929
;2020-02-14 09:37;0;2;"Coronavirus knocks down another global event, this time it’s the telecom industry . . # cronovirus # MWC20 # MWC2020 # mwcbarcelona # mymobilereviewerhttps://www.mymobilereviewer.com/gsm-association-cancels-mobile-world-congress-due-to-coronavirus/ …";;;# # # # #;"1228221799218855939";https://twitter.com/reviewer_my/status/1228221799218855939
;2020-02-14 09:24;0;0;"# Pakistan # CronoVirus # WHO @ zfrmrza just for the sake of face saving Pakistan, is the only country to resume the direct flights with China and Chinese passengers coming in on daily basishttp://www.9news.com.au/world/coronavirus-two-thirds-of-the-world-could-catch-illness/617b72e1-1bc6-4fcf-926d-e3ec76a05656?ocid=Social-9NewsS …";;@;# # #;"1228218550923300866";https://twitter.com/BorhanFootwear/status/1228218550923300866
;2020-02-14 08:45;0;1;"Breaking *** Cancelled due to Crono Virus***";;;;"1228208518576013313";https://twitter.com/travelinty/status/1228208518576013313
;2020-02-14 08:04;2;2;"संसार को अब पता चला है कि चीन में cronovirus फैला है। आज शोर मचा रहा है कि चीन का सामान न मंगवाओ। लेकिन वहां वायरस फैले काफी देर हो गयी।पिछले साल डेढ़ साल में जो समान आ चुका है,उस के result भी सामने आएंगे।जनी जान मुर्शिद ने तो वायरस के खतरे को तब देख लिया था। दुसरा पेज आगे-----";;;;"1228198323078623232";https://twitter.com/imGurmukh_insan/status/1228198323078623232
;2020-02-14 03:44;0;0;"This is what I am curious too. But I don't like the comments below talking about burning bodies. That is not truth. This is a picture of Beijing, where only 3 people died of cronovirus.";;;;"1228132939310882816";https://twitter.com/feiyuechidao/status/1228132939310882816
;2020-02-14 03:24;0;9;"International schools in Shanghai spending money on Facebook ads to show how they're tackling the cronovirus. Also proves Facebook spies on me, I was researching schools for a separate and totally unrelated matter a few weeks ago. pic.twitter.com/UfXmHCI96g";;;;"1228127946503622656";https://twitter.com/CameronWEF/status/1228127946503622656
;2020-02-14 01:36;0;0;"Ikke glemme at det er 3 million uigurer i konsentrasjonsleiren. De mangler mat i nesten 9 dager!!! Akutt situasjon !!!!! # Uyghur # uigurer # Amnesty # Norge # cronovirus # HumanRights";;;# # # # # #;"1228100687583744000";https://twitter.com/ibrahim_rkesh/status/1228100687583744000
;2020-02-14 01:24;0;6;"What are your thoughts on the crono virus??";;;;"1228097595572137985";https://twitter.com/IssacRblx/status/1228097595572137985
;2020-02-13 22:34;1;0;"Zero Hedge is banned on twitter WHY # CRONOVIRUS # WHATSGOINON";;;# #;"1228054909947392000";https://twitter.com/JadeJJuhasz/status/1228054909947392000
;2020-02-13 22:21;0;0;"# FindQiushi # ChinaCoronaVirus # cronovirus # caronavirusoutbreak Where is Qiushi? Where has # China taken him!? # COVID19";;;# # # # # #;"1228051481624010754";https://twitter.com/msmellymel/status/1228051481624010754
;2020-02-13 22:04;0;0;"Daily Mail: Nearly 800 Britons are tested for the killer coronavirus in a day. https://www.dailymail.co.uk/health/article-8000819/Nearly-800-Britons-tested-killer-coronavirus-day.html … Pics and info map. # cronovirus";;;#;"1228047421491601408";https://twitter.com/needchoc/status/1228047421491601408
;2020-02-13 21:42;0;2;"# cronovirus pic.twitter.com/KoCpE7sWhb – bei Gorakhpur, Uttar Pradesh";;;#;"1228041869914865664";https://twitter.com/Jacksparrow9807/status/1228041869914865664
;2020-02-13 21:02;1;2;"خر خودمون(ری استارت) هستند. تمام زورشون بزنند. سرنوشت کشورم توسط بزرگان دیده شده و خواهد هم شد حالا هی زور بزنند هی زور بزنند. هنوز عبرت نگرفتند مثل اینکه تن دموکرات‌های آمریکا باسه یه ویروس جدید تنگ شد... # cronovirus # شاه_نعمت_الله اگه خوشگله لایق بدونه آماده ایم انشاءالله..";;;# #;"1228031718382358534";https://twitter.com/Soldier36267190/status/1228031718382358534
;2020-02-13 20:58;0;2;"Including corona 19 Virus. # cronovirus https://twitter.com/newvisionwire/status/1227890618938073088 …";;;#;"1228030816514723843";https://twitter.com/IamMatia/status/1228030816514723843
;2020-02-13 20:56;0;0;"# cronovirus";;;#;"1228030212006387714";https://twitter.com/P3llSnow09/status/1228030212006387714
;2020-02-13 20:17;0;1;"Nepal first to cure cronovirus pic.twitter.com/u2TZrac3mA";;;;"1228020281798615042";https://twitter.com/Anil15306063/status/1228020281798615042
;2020-02-13 19:49;0;0;"Don't worry cronovirus will kill us before that";;;;"1228013371175231488";https://twitter.com/ShreeOT7/status/1228013371175231488
;2020-02-13 19:48;0;2;"Puto caga tas com cronovirus https://twitter.com/duxxdessashit/status/1227983226842570752 …";;;;"1228013169702055937";https://twitter.com/Rodrigoagu1ar/status/1228013169702055937
;2020-02-13 19:03;0;0;"Pressen borde pressa ändå mer! "Det finns gott om tråkiga # nyheter runtomkring idioten" # Svpol # EU # Sweden # OSCE # Crime # SD # Sverigedemokraterna # Sweden # Politics # Corruption # News # Virus # coronavirus # cronovirus # VirusCorona";;;# # # # # # # # # # # # # # # #;"1228001876140056576";https://twitter.com/RealNobakhtAhad/status/1228001876140056576
;2020-02-13 18:46;0;0;"My Bacteria, called Cronovirus, just got eradicated in 562 days! # PlagueInc http://s.ndemiccreations.com/plague/i/8dc84c010f88e9b5 … Come play";;;#;"1227997401128079360";https://twitter.com/SBoy1122/status/1227997401128079360
;2020-02-13 17:49;0;1;"O ny foi cheirar o carregador do chineses sera que apanhou crono virus";;;;"1227983206386995200";https://twitter.com/Rodrigoagu1ar/status/1227983206386995200
;2020-02-13 17:13;0;0;"CHINA STOP CRUELTY ON MUSLIM, RELEASE THEM FROM DETENTION CENTRES... China Crono virus, 50,000 Hazar se Zayed ki mauth, ek khabar .. PUBLIC AWARENESS MISSION..M SAMIUDDIN KHAN";;;;"1227974129136979972";https://twitter.com/MSamiuddinKhan3/status/1227974129136979972
;2020-02-13 17:09;0;0;"CHINA STOP CRUELTY ON MUSLIM, RELEASE THEM FROM DETENTION CENTRES... China Crono virus, 50,000 Hazar se Zayed ki mauth, ek khabar .. PUBLIC AWARENESS MISSION..M SAMIUDDIN KHAN https://www.facebook.com/100001762674608/posts/2650008271734569/?sfnsn=scwspmo …";;;;"1227973198072832000";https://twitter.com/MSamiuddinKhan3/status/1227973198072832000
;2020-02-13 16:52;2;2;"Hope @ 10DowningStreet @ GOVUK stops flights/ships from china/sigapore/korea for a while so scary # cronovirus UK weather may be suitable for speedy growth and spread "first London coronavirus victim a Chinese took Uber to hospital" https://www.telegraph.co.uk/global-health/science-and-disease/coronavirus-news-uk-china-pandemic-latest/ …";;@ @;#;"1227968725401448449";https://twitter.com/Raky_35/status/1227968725401448449
;2020-02-13 16:46;0;0;"I have not listened to but a few of Chan's sermons, but I clicked on the link you provided and listened. Have you LISTENED to that sermon? You got through that sermon and all you hear is that? He needs our prayers he is in HONG KONG. Where the Cronovirus is. Bless him.";;;;"1227967371878465538";https://twitter.com/artist_rule/status/1227967371878465538
;2020-02-13 16:02;0;0;"'Cronovirus'? That alone tells me that you're probably not very good at searching out reputable news sources. The news is there if you look in the right places.";;;;"1227956333342838784";https://twitter.com/EbolaPhone/status/1227956333342838784
;2020-02-13 16:01;0;0;"It’s not new but if it’s still hanging around why are we not hearing about this in the USA NEWS ALONG WITH THE CRONOVIRUS??";;;;"1227955862787874816";https://twitter.com/lindae923/status/1227955862787874816
;2020-02-13 15:55;0;1;"De får extra betalt att utsätta människornas liv-Svensk sjukvård är Europas Dyraste Sämsta. # Nyheter # OSCE # WHO # Health # Svpol # Eu # Sweden # Politics # Socialdemokraterna # cronovirus # Virus # cronavirus # Depression # Corruption # discrimination # Suicide # HealthForAll # Virus";;;# # # # # # # # # # # # # # # # # #;"1227954481280831488";https://twitter.com/RealNobakhtAhad/status/1227954481280831488
;2020-02-13 15:49;0;1;"Katastrofala sjukvården & myndigheter mörkar om verkligheten. # Nyheter # svpol # Socialdemokraterna # Socialtjänst # IVO # Sweden # Politics # Eu # OSCE # HealthForAll # cronovirus # cronavirus # VirusCorona # Virus # Suicide # Depression # Corruption # Discriminationhttps://twitter.com/sydsvenskan/status/1227946182363750400?s=19 …";;;# # # # # # # # # # # # # # # # # #;"1227952870819074048";https://twitter.com/RealNobakhtAhad/status/1227952870819074048
;2020-02-13 15:46;0;1;"# cronovirus pic.twitter.com/x43MoQoPVG";;;#;"1227952086639357952";https://twitter.com/MONEYEMPIRE/status/1227952086639357952
;2020-02-13 15:30;0;0;"allah raham karna from # cronovirus https://twitter.com/TomthunkitsMind/status/1227764376154902535 …";;;#;"1227948164344238083";https://twitter.com/atish_firoj/status/1227948164344238083
;2020-02-13 15:19;0;0;"Doctors now have more discretion on diagnosing patients with cronovirus which gives the world a closer view of reality. Hard reading about so many people impacted https://twitter.com/suilee/status/1227783241978933249 …";;;;"1227945387782070273";https://twitter.com/ElenaSalaks/status/1227945387782070273
;2020-02-13 14:45;0;0;"yeah, looks very unlikely im going to buying tickets for the Liverpool pokemon go event, im too nervous about cronovirus";;;;"1227936790079791104";https://twitter.com/ibbsters/status/1227936790079791104
;2020-02-13 14:36;0;1;"Soit 34 fois plus mortel que le # cronovirus pour le moment";;;#;"1227934480586956802";https://twitter.com/LeFrelonn/status/1227934480586956802
;2020-02-13 14:34;0;0;"You need to watch Sarah Westall on YouTube. She has Sherry Edwards on and they are working on frequency to destroy cronovirus. Check it out";;;;"1227933945204887556";https://twitter.com/LuvMyShitzu/status/1227933945204887556
;2020-02-13 14:24;0;0;"@ drharshvardhan Dear sir is govt. Of India issuing an advisory about travelling to thailand as cronovirus outbreak is growing day by day, i am having an travel plan in february last week but seems confused as cancelling will spoil trip and money also, please help.";;@;;"1227931578556268545";https://twitter.com/bmyrishav/status/1227931578556268545
;2020-02-13 13:04;1;3;"Internationellt kallas för # CORRUPTION! "I Totalt korrupta Sverige kallas för Präglas av kaos" # Svpol # Eu # Sweden # SCB # Crime # Law # SverigeBilden # ISO # OSCE # ICC # CJEU # corrupt # Lawyers # cronovirus";;;# # # # # # # # # # # # # # #;"1227911415056474112";https://twitter.com/RealNobakhtAhad/status/1227911415056474112
;2020-02-13 12:58;0;0;"Det finns flera personer i # Sverige som är smittade av den dödliga # cronovirus-Säkert de smittade vägrar besöka katastrofala sjukvården-Just för att kunna smitta vidare viruset. # Svpol # Nyheter # Sweden # virus # VirusCorona # cronavirus # Eu # IVO # Socialtjänst # CORRUPTION # Crime";;;# # # # # # # # # # # # #;"1227909966662701056";https://twitter.com/RealNobakhtAhad/status/1227909966662701056
;2020-02-13 12:16;0;0;"On Monday I am seeing my Chinese dentist and letting her poke her fingers in my mouth .. and next month my Chinese doctor .. the one with mostly Chinese patients .. .. does that count .. # cronovirus";;;#;"1227899378695696384";https://twitter.com/Couchsocialist/status/1227899378695696384
;2020-02-13 11:12;0;1;"Anti Vaxers. Go to China, prove us wrong! # cronovirus pic.twitter.com/uE1MnLEv3j";;;#;"1227883235352379393";https://twitter.com/ross_minton/status/1227883235352379393
;2020-02-13 10:18;0;0;"Why Nation Fail Because, They have Imran Khan @ ImranKhanPTI # cronovirus # Turkey # EhsanullahEhsanpic.twitter.com/fWOkMO0oEa";;@;# # #;"1227869648236011520";https://twitter.com/AsgharNarejoa/status/1227869648236011520
;2020-02-13 09:01;0;0;"Katastrofala sjukvården i Sverige har uppdrag att mörka verkligheten-Säkert det finns dödsfall även i Sverige. # Nyheter # OSCE # Sweden # Politics # Svpol # Virus # cronovirus # coronavirus";;;# # # # # # # #;"1227850272388583424";https://twitter.com/RealNobakhtAhad/status/1227850272388583424
;2020-02-13 08:51;0;2;"It's alarming. It's painful to see everyday the number of people infected and dying. I hope the vaccination comes soon before it further mutate. Praying for victims around the globe # cronovirus # COVID19 # CoronavirusOutbreak # ChinaWuHan # 2019nCoVhttps://twitter.com/WIONews/status/1227298322127282176?s=19 …";;;# # # # #;"1227847817307160576";https://twitter.com/charubakshii/status/1227847817307160576
;2020-02-13 08:32;0;0;"So it seem's that @ birdsofpreywb flim blames crono virus, boy's and now @ SonicMovie film for there shit birds of prey film you just can't not laugh at this crap get woke @ birdsofpreywb.";;@ @ @;;"1227842865113509888";https://twitter.com/Jozz2015/status/1227842865113509888
;2020-02-13 07:50;0;1;"Check this out, all the numbers 33 are so blatant. Cronovirus is just another agenda. https://youtu.be/6Si2UwXIaGE";;;;"1227832333870489600";https://twitter.com/RaiHarjit/status/1227832333870489600
;2020-02-13 06:52;0;0;"Coronavirus to COVID-19 I called it Cronovirus anyways I just call stuff whatever sounds better to me !";;;;"1227817757544263680";https://twitter.com/GKoiSon/status/1227817757544263680
;2020-02-13 05:50;0;1;"The most touching story I've encountered today. A medic couple who have been separated for 20 days recognised each other through their voices and their eyes in the hallway before carrying on saving people. # cronovirus # lovestory # convid19pic.twitter.com/Nf96tpsPK5";;;# # #;"1227802252410146816";https://twitter.com/AParallelLee/status/1227802252410146816
;2020-02-13 04:20;0;4;"轉折點 終於出現啦，新增 確診 超過一萬五千人 之前每日只是三，四千。 # 武漢肺炎 # cronovirus";;;# #;"1227779592896667649";https://twitter.com/rossikwan/status/1227779592896667649
;2020-02-13 03:56;0;0;"# China doesn’t want the U.S find out the source of # cronovirus , which is a leaking from Wuhan Virology. https://twitter.com/business/status/1227772910976278530 …";;;# #;"1227773411750895616";https://twitter.com/yuramahgul/status/1227773411750895616
;2020-02-13 03:09;0;1;"# COVID19 # coronavirusoutbreak # coronavirusus # coronawirus # coronaviruschina # cronovirus # caronavirusoutbreak # carona # COVID # COVID2019 # COVIDー19 # COVID_19 13/02/20 New Corona / Covid-19 figures, plus previous days figures for comparison.pic.twitter.com/fxPVEQ5riO";;;# # # # # # # # # # # #;"1227761629506539520";https://twitter.com/BrynCleat/status/1227761629506539520
;2020-02-13 03:00;0;0;"Cronovirus #today: jump in deaths by over two hundred in a day pic.twitter.com/7OsbTofd2a";;;#today;"1227759493649502208";https://twitter.com/HarrietBurandt/status/1227759493649502208
;2020-02-13 02:49;3;19;"The cronovirus is a lot worse that what it is being portrayed as. I believe the cases are 10x higher than reported. Evident that China is understating the real crisis to avoid riots and worldwide panic. Just look at rate of infection increase and compare to other outbreaks...";;;;"1227756569175056384";https://twitter.com/1JohnFahmy1/status/1227756569175056384
;2020-02-13 02:13;0;0;"Det finns flera personer som är redan smittade av dödliga # cronovirus -Säkert de vill inte besöka katastrofala sjukvården för att kunna smitta vidare viruset # Nyheter # SverigeBilden # Växjö # Sweden # Virus # VirusCorona # cronavirus # Health # Politics # Svpol # Eu";;;# # # # # # # # # # # #;"1227747596824928256";https://twitter.com/RealNobakhtAhad/status/1227747596824928256
;2020-02-13 02:07;0;0;"vc helps on cronovirus";;;;"1227746169603776514";https://twitter.com/ddd5213/status/1227746169603776514
;2020-02-13 01:50;0;0;"Hang on is this the same Donald trump that believes climate change is crap - come off it Donald exactly who are you trying to convince/ BS here. The Cronovirus is going to go away when the sun comes out - you expect anyone to believe that - really!!!! pic.twitter.com/JYFMwcOAn8";;;;"1227741861953122306";https://twitter.com/helen06976100/status/1227741861953122306
;2020-02-13 01:37;0;0;"If you had any common decency you'd be handing them out to the people of # HongKong to help protect them from # cronovirus, but I'm guessing you haven't got any. So this post is pointless.";;;# #;"1227738572117217283";https://twitter.com/MayaWintersSMS/status/1227738572117217283
;2020-02-13 00:34;0;0;"Lol cronovirus has reached London....I hate working with the public";;;;"1227722745187840002";https://twitter.com/officialjosiej/status/1227722745187840002
;2020-02-12 23:40;0;0;"I agree, more going on with the cronovirus that is not being reported.";;;;"1227709033056022539";https://twitter.com/mr19682010/status/1227709033056022539
;2020-02-12 23:33;0;0;"If you have the crono virus pls come to my school, affect me, then I’ll die";;;;"1227707383402651655";https://twitter.com/silver_stxrr/status/1227707383402651655
;2020-02-12 23:24;0;1;"Säkert någon av kriminella från katastrofala polismyndigheten som gick överdos # Scary # Scandinavian # Style /50 KG bomb in # Sweden # Politics # Nyheter # OSCE # Corruption # Crime # War # CivilWar # WWIII # WorldWar3 # cronovirus # cronavirus # Virus # Svpolhttp://www.svt.se/nyheter/lokalt/vasterbotten/polisman-domdes-till-fangelse-nu-atalas-han-pa-14-nya-punkter …";;;# # # # # # # # # # # # # # # # #;"1227705161130311680";https://twitter.com/RealNobakhtAhad/status/1227705161130311680
;2020-02-12 23:08;13;53;"This is something serious Corona virus is A deadly virus that has killed many people many r in serious condition plz have some humanity bcoz U can nevr imagine the pain of people who r suffering frm this virus StopMaking jokes of this serious epidemic condition # cronovirus # Wuhanpic.twitter.com/uV3AV6qQET";;;# #;"1227700978759192578";https://twitter.com/Nida__Hussain/status/1227700978759192578
;2020-02-12 22:50;0;2;"A mí no me parece tan mala noticia que suspendan el # MobileWorldCongress2020. Nos libramos de tener a los delincuentes indepes todo el día en la TV, los desplantes al Rey, los sermones del Torra y la Colau. ¿Cronovirus? Una excusa. Que lo traigan a # Madrid o a # Valencia.";;;# # #;"1227696580205084672";https://twitter.com/silver_2020/status/1227696580205084672
;2020-02-12 22:38;0;1;"# SayNoToPeopleWho call you racist for thinking fearing cronovirus is racist, and not sucking lady cock is transphobic";;;#;"1227693525069897729";https://twitter.com/Kaiyodei/status/1227693525069897729
;2020-02-12 21:23;1;0;"اسلام آباد اور راولپنڈی کے وسط میں یہ کیمپ لگانا۔ کیا بیوقوفی کی حد نہیں! # CronoinIslamabad # cronovirus # Islamabad # CronoThreat @ HamidMirPAK @ _Mansoor_Ali @ shazbkhanzdaGEOpic.twitter.com/nXuX5nK2Xb";;@ @ @;# # # #;"1227674681010008066";https://twitter.com/kamraniftikha95/status/1227674681010008066
;2020-02-12 21:20;3;0;"There are lots of other least populated areas we have in Pakistan then why why WHY WHY Gov choose it in populated area? They don't have rights to play with the lives of innocent peoples. @ ImranKhanPTI @ HamidMirPAK @ mubasherlucman # cronovirus # Islamabad # CronoinIslamabadhttps://twitter.com/qaisar_ak/status/1227666745671983104 …";;@ @ @;# # #;"1227673942145585154";https://twitter.com/zeeshan091237/status/1227673942145585154
;2020-02-12 21:06;0;1;"Sort!!! A mi no m'ha funcionat # cronovirus";;;#;"1227670281721909249";https://twitter.com/pikijp/status/1227670281721909249
;2020-02-12 21:04;9;2;"ووہان میں رہائش پذیر افراد کو اسلام آباد کے حج کمپلیکس میں ٹہرانے کے انتظامات مکمل How it possible for a cronovirus camp in population area? @ HamidMirPAK @ junaidmuhammaddhttps://mmnews.tv/urdu/arrangements-completed-for-students-returning-from-wuhan/ …";;@ @;;"1227669886803021824";https://twitter.com/qaisar_ak/status/1227669886803021824
;2020-02-12 21:03;0;25;"Negándome a ir mañana a Madrid por el # cronovirus";;;#;"1227669498381160449";https://twitter.com/Sogalokk/status/1227669498381160449
;2020-02-12 21:02;4;0;"How it possible for a cronovirus camp in population area? https://twitter.com/qaisar_ak/status/1227667778733129728 …";;;;"1227669215563468808";https://twitter.com/qaisar_ak/status/1227669215563468808
;2020-02-12 20:57;6;5;"اسلام آباد اور راولپنڈی کے وسط میں یہ کیمپ لگانا۔ کیا بیوقوفی کی حد نہیں جہاں پے 6000 سٹوڈنٹس زیر تعلیم ہیں جس میں حاجی کیمپ مدرسہ اور رفاہ یونیورسٹی کی سٹوڈنٹس شامل ہیں # CronoinIslamabad # cronovirus # Islamabad # CronoThreat @ ImranKhanPTI @ _Mansoor_Ali @ junaidsalim_pic.twitter.com/c5cx2Sq5MN";;@ @ @;# # # #;"1227668000821710848";https://twitter.com/zaighum_pasha/status/1227668000821710848
;2020-02-12 20:49;1;1;"اسلام آباد اور راولپنڈی کے وسط میں یہ کیمپ لگانا۔ کیا بیوقوفی کی حد نہیں جہاں پے 6000 سٹوڈنٹس زیر تعلیم ہیں جس میں حاجی کیمپ مدرسہ اور رفاہ یونیورسٹی کی سٹوڈنٹس شامل ہیں # CronoinIslamabad # cronovirus # Islamabad # CronoThreat @ HamidMirPAK @ am_nawazish @ shazbkhanzdaGEOpic.twitter.com/exUX3oZqkb";;@ @ @;# # # #;"1227665983038480384";https://twitter.com/zaighum_pasha/status/1227665983038480384
;2020-02-12 20:46;91;247;"A Pak Uni sends a PhD thesis for evaluation to a Professor (Chinese) in Tohoku Uni Japan. As per rule, the Uni need to pay him approx USD500 as review charges. However, he replied back with a letter of thanks which can make anyone proud. # Respect # HumanityFirst # cronovirus pic.twitter.com/mMdJFrIF3R";;;# # #;"1227665399191416832";https://twitter.com/bilalpunnu/status/1227665399191416832
;2020-02-12 20:42;7;1;"اسلام آباد اور راولپنڈی کے وسط میں یہ کیمپ لگانا۔ کیا بیوقوفی کی حد نہیں! bilkul sath e riphah international university hy jis ma hazaron students parhty hain sath e larkion ka madrissa b hy why # CronoinIslamabad # cronovirus # Islamabad # CronoThreat @ HamidMirPAK";;@;# # # #;"1227664230108815361";https://twitter.com/Usama67309316/status/1227664230108815361
;2020-02-12 20:37;13;8;"اسلام آباد اور راولپنڈی کے وسط میں یہ کیمپ لگانا۔ کیا بیوقوفی کی حد نہیں! # CronoinIslamabad # cronovirus # Islamabad # CronoThreat @ HamidMirPAK @ _Mansoor_Ali @ shazbkhanzdaGEO pic.twitter.com/T8jcUK1ifEpic.twitter.com/Lv0o8WNxNK";;@ @ @;# # # #;"1227663101253816327";https://twitter.com/qaisar_ak/status/1227663101253816327
;2020-02-12 20:35;1;0;"اسلام آباد اور راولپنڈی کے وسط میں یہ کیمپ لگانا۔ کیا بیوقوفی کی حد نہیں! # CronoinIslamabad # cronovirus # Islamabad # CronoThreat why Haji camp i. 14 in university whypic.twitter.com/19MFGLPZTj";;;# # # #;"1227662626852921345";https://twitter.com/Usama67309316/status/1227662626852921345
;2020-02-12 20:35;2;1;"اسلام آباد اور راولپنڈی کے وسط میں یہ کیمپ لگانا۔ کیا بیوقوفی کی حد نہیں! Sath e University hy sath e school hy why risking life of students... # CronoinIslamabad # cronovirus # Islamabad # CronoThreat @ HamidMirPAK @ AajKamranKhanpic.twitter.com/8VQt6r4KFE";;@ @;# # # #;"1227662436372766723";https://twitter.com/Usama67309316/status/1227662436372766723
;2020-02-12 20:28;14;5;"اسلام آباد اور راولپنڈی کے وسط میں یہ کیمپ لگانا۔ کیا بیوقوفی کی حد نہیں! # CronoinIslamabad # cronovirus # Islamabad # CronoThreat @ HamidMirPAKpic.twitter.com/T8jcUK1ifE";;@;# # # #;"1227660843128586243";https://twitter.com/qaisar_ak/status/1227660843128586243
;2020-02-12 20:03;0;1;"Aht Aht you got one time to sneeze around me before I ask if you got the cronovirus";;;;"1227654386157064193";https://twitter.com/_SteebieHefner/status/1227654386157064193
;2020-02-12 19:40;0;0;"मांस से # cronovirus फैल रहा है, तुम्हारे भले के लिये @ Real_Anuj ये बात कही है और वो ये बात क्लियर कर चुके हैं.";;@;#;"1227648712203096070";https://twitter.com/anshulaman968/status/1227648712203096070
;2020-02-12 19:32;0;0;"mandatory temperature measurement upon arrival at the airport in Firenze # cronovirus ?";;;#;"1227646775298752518";https://twitter.com/SusMonika/status/1227646775298752518
;2020-02-12 19:09;0;0;"Cronovirus in china in india its chuslet # SidharthKeAsliFans # BB13OnVoot # AsliFans";;;# # #;"1227640942514982912";https://twitter.com/KeerJayant/status/1227640942514982912
;2020-02-12 18:17;2;1;"The # ChineseGP has been ;postponed due to the # cronovirus So why not postpone the ones where human rights have been abused?";;;# #;"1227627739412344832";https://twitter.com/NoMansMedic/status/1227627739412344832
;2020-02-12 18:16;0;0;"I agree with Leung that something similar what I try to explain yesterday about cronovirus but when you spent best 7 years of your life with World and Croatian academic society then you learn something from them Reiner, Metelko, Mrsic, Aganovic .....";;;;"1227627493428994053";https://twitter.com/zoranhorus/status/1227627493428994053
;2020-02-12 17:33;1;1;"Cronovirus could be a lot worse than we think. https://twitter.com/inteldotwav/status/1226267582740811777 …";;;;"1227616711689547781";https://twitter.com/xplora1a/status/1227616711689547781
;2020-02-12 16:12;1;2;"# restart_opposition # RestartMIGA # restart_7777 # planb # cronovirus # seyed_mohammad_hosseini # تنها_راه_نجات_ری_استارت # شاه_نعمت_الله_ولی # عرفان_تصوف # پرشیا";;;# # # # # # # # # #;"1227596369516539910";https://twitter.com/Soldier36267190/status/1227596369516539910
;2020-02-12 15:02;0;1;"# cronovirus # chinavirushttps://twitter.com/HanifAzad4/status/1224535898009849856 …";;;# #;"1227578724859641856";https://twitter.com/HanifAzad4/status/1227578724859641856
;2020-02-12 14:18;1;2;"मुसीबत जिस पर आती है वही महसूस करता है लेकिन मजाक बनाने से पहले सोचना चाहिए कि दुनिया एक है ! # cronovirus # China";;;# #;"1227567690002259971";https://twitter.com/StatueSpeaks/status/1227567690002259971
;2020-02-12 13:43;0;0;"# cronovirus has probably already walked right across the boarder.. right into dooshy liberal # California. Won’t have anyone to blame but yourselves.";;;# #;"1227558921348550656";https://twitter.com/DarkPolitically/status/1227558921348550656
;2020-02-12 13:07;0;0;"Ahh is this a crono virus meme or is this a bad tweet";;;;"1227549865179262977";https://twitter.com/Kaibami1/status/1227549865179262977
;2020-02-12 12:50;0;2;"Yes and I'm sure the Cronovirus that wiped billions of the Asia markets, smashed the European and American markets had nothing to do with it since the markets only reopened on Monday and were always going to react badly to slowdown in China but no it's all SF's fault";;;;"1227545600784203776";https://twitter.com/Marcus_Suridius/status/1227545600784203776
;2020-02-12 12:36;0;0;"# cronovirus pic.twitter.com/mJwr8B4eSj";;;#;"1227542013362548736";https://twitter.com/Aabid_Anwaar/status/1227542013362548736
;2020-02-12 12:35;0;0;"Hilton closed 150 hotel rooms in China due to cronovirus outbreak http://j.mp/37jYwXZ # news";;;#;"1227541620750372864";https://twitter.com/RockCheetah/status/1227541620750372864
;2020-02-12 12:19;0;0;"Foreign country:- Ebola virus, Zika virus, Cronovirus India:- Heza, kali khasi, khasra, Pachis, maleriya We are unable to give even good name of dieseas forget innovation";;;;"1227537583938293760";https://twitter.com/humourrohan/status/1227537583938293760
;2020-02-12 11:42;4;5;"@ Real_Anuj ye hamari pavitr kitab ko crono virus se jod raha hai ham ise insaan se nahi janvar se jodte hain. Please guys copy paste # Arrest_Anuj # Arrest_Anuj # Arrest_Anuj";;@;# # #;"1227528413600071680";https://twitter.com/sahal_chaudhary/status/1227528413600071680
;2020-02-12 11:18;0;0;"Ainda não perceberam que o Benfica perder é um problema nacional. Por força do cronovirus a China consome menos combustíveis o crude/petróleo já baixou 16%. Deram conta dessa baixa?? Alguém se manifesta por isso??";;;;"1227522295696105472";https://twitter.com/Fernand36864006/status/1227522295696105472
;2020-02-12 10:33;0;2;"Just do some work by yourself lazy person. Now sleep tight and no more propaganda on # cronovirus pic.twitter.com/RvQjBrUYqW";;;#;"1227510938481225728";https://twitter.com/AliHumdani/status/1227510938481225728
;2020-02-12 09:33;4;6;"Migrant workers advised to fly directly to Taiwan, avoid quarantine, # cronovirus https://focustaiwan.tw/society/202002120008 …";;;#;"1227496035116666880";https://twitter.com/Focus_Taiwan/status/1227496035116666880
;2020-02-12 09:03;0;0;"@ GMB how the fuck is the cronovirus getting into jails Im still waiting for over 2 weeks for my eBay order.";;@;;"1227488456336605184";https://twitter.com/stumpz09/status/1227488456336605184
;2020-02-12 08:57;0;0;"@ DBreeFN remember that bubble wrap cake from China..... lmao CRONO VIRUS";;@;;"1227486842938806273";https://twitter.com/VG_Zore/status/1227486842938806273
;2020-02-12 08:52;0;0;"# MumtazAli calls for raising awareness about Novel # coronaVirus in country # APPNews # cronovirus # China # Crona @ WHO @ WHOWPRO https://app.com.pk/mumtaz-ali-calls-for-raising-awareness-about-novel-corona-virus-in-country/ … via @ appcsocialmediapic.twitter.com/JWfAo4n64L";;@ @ @;# # # # # #;"1227485491311894528";https://twitter.com/appcsocialmedia/status/1227485491311894528
;2020-02-12 06:45;0;1;"Cronovirus spreading";;;;"1227453602156941312";https://twitter.com/timthebrownbear/status/1227453602156941312
;2020-02-12 06:18;0;1;"cronovirus attackin w/o turning back pic.twitter.com/ltDW9KMvIr";;;;"1227446917635899393";https://twitter.com/shahrulxr/status/1227446917635899393
;2020-02-12 06:02;1;0;"We expect that the doubling time of confirmed infections of COVIP19 would get greater than the incubation period of the disease in a couple weeks. # COVIP19 # cronovirus # wuhan # Chinapic.twitter.com/EufBRxfzJK";;;# # # #;"1227442788222017536";https://twitter.com/xiaoqianggao/status/1227442788222017536
;2020-02-12 05:14;0;1;"And. No. Cronovirus is bye bye we are not talking about any revolts and certainly not Hong Kong. Everyone go back to sheep, I mean, sleep. pic.twitter.com/ypzYUf1oUy";;;;"1227430644386615296";https://twitter.com/Jsmithjax/status/1227430644386615296
;2020-02-12 04:23;1;1;"So 2 GP’s practices are currently closed in my town due to # cronovirus, and a couple of schools have staff off self isolating.";;;#;"1227417860173070337";https://twitter.com/TemplarWrath/status/1227417860173070337
;2020-02-12 04:11;0;0;"Are they any reason behind cronovirus.....????";;;;"1227414898134507520";https://twitter.com/RahulJo63587529/status/1227414898134507520
;2020-02-12 04:09;0;0;"# Pets # Dogs # Cats # Zoology # ZooLander # cronovirus https://youtu.be/TmWhY_irAXE";;;# # # # # #;"1227414512556314624";https://twitter.com/JBeaststar/status/1227414512556314624
;2020-02-12 03:35;5;8;"Still awaiting @ RoyalCaribbean # CrownAndAnchor Loyalty Team to reply to multiple emails concerning upcoming # Singapore sailings in wake of # cronovirus. Perhaps @ RoyalCaribPR will encourage response before I escalate the discussion to @ MktKitchenTV YouTube, Insta & LinkedIn?https://twitter.com/RonaldVining/status/1227056705965420544 …";;@ @ @;# # #;"1227405953240313856";https://twitter.com/RonaldVining/status/1227405953240313856
;2020-02-12 02:28;0;0;"Ze statku linii Princess Cruises koło Tokio kolejne 39 osób to nowe przypadki # cronovirus , w sumie to 174 osoby na samym statku. https://twitter.com/BNODesk/status/1227388316842065921 …";;;#;"1227388874902687744";https://twitter.com/2000Kobae/status/1227388874902687744
;2020-02-12 02:01;0;0;""Polischef i # Skåne anhållen–För misshandel av kvinna" Varsågod-Här har du kriminella från katastrofala polismyndigheten i # region # Syd! # Nyheter # Crime # Sweden # Politics # Socialdemokraterna # War # Svpol # Corruption # cronovirus # cronavirus # VirusCoronahttp://www.aftonbladet.se/nyheter/a/qnaRBE/polischef-anhallen--misstanks-for-misshandel-av-kvinna …";;;# # # # # # # # # # # # # #;"1227382193011511296";https://twitter.com/RealNobakhtAhad/status/1227382193011511296